{
    "cpu": {
        "(1200, 1600)": [
            0.7456197738647461,
            0.7191600799560547
        ],
        "(478, 848)": [
            0.6151912212371826,
            0.3950991630554199,
            0.6516096591949463,
            0.5261130332946777,
            0.5203521251678467,
            0.3705470561981201,
            0.406461238861084,
            0.37172794342041016,
            0.37381410598754883,
            0.3751230239868164,
            0.40677785873413086,
            0.36785078048706055,
            0.36997079849243164,
            0.3665018081665039,
            0.36763787269592285,
            0.366055965423584,
            0.3635070323944092,
            0.36235594749450684,
            0.36427998542785645,
            0.36602783203125,
            0.3968980312347412,
            0.4466829299926758,
            0.3704700469970703,
            0.3948657512664795,
            0.4018402099609375,
            0.36983203887939453,
            0.3624231815338135,
            0.36969494819641113,
            0.3659231662750244,
            0.37494778633117676,
            0.3993232250213623,
            0.40848422050476074,
            0.3683168888092041,
            0.3658010959625244,
            0.36336612701416016,
            0.3689711093902588,
            0.372312068939209,
            0.3721590042114258,
            0.37752485275268555,
            0.380800724029541,
            0.40360188484191895,
            0.39223504066467285,
            0.37459874153137207,
            0.3810861110687256,
            0.38556694984436035,
            0.3899648189544678,
            0.44060516357421875,
            0.36945581436157227,
            0.36258602142333984,
            0.36023497581481934,
            0.3736999034881592,
            0.3764171600341797,
            0.3704988956451416,
            0.7178230285644531,
            0.3874218463897705,
            0.37593817710876465,
            0.37929797172546387,
            0.37133169174194336,
            0.37363409996032715,
            0.3656027317047119,
            0.38213610649108887,
            0.3936789035797119,
            0.37235307693481445,
            0.37331604957580566,
            0.38805294036865234,
            0.4046320915222168,
            0.400115966796875,
            0.3751251697540283,
            0.37711095809936523,
            0.3696279525756836,
            0.42735719680786133,
            0.37871217727661133,
            0.3732032775878906,
            0.41985011100769043,
            0.3645632266998291,
            0.42612504959106445,
            0.3619368076324463,
            0.3663148880004883,
            0.3684537410736084,
            0.3708820343017578,
            0.40195393562316895,
            0.3693242073059082,
            0.3696751594543457,
            0.36869382858276367,
            0.3689579963684082,
            0.35854291915893555,
            0.3665287494659424,
            0.3597891330718994,
            0.36400485038757324,
            0.38053083419799805,
            0.3655369281768799,
            0.3897981643676758,
            0.35892677307128906,
            0.3661041259765625,
            0.3583672046661377,
            0.3637843132019043,
            0.364760160446167,
            0.3658452033996582,
            0.3561367988586426,
            0.3724079132080078,
            0.36150503158569336,
            0.36317014694213867,
            0.3906900882720947,
            0.35597896575927734,
            0.3596627712249756,
            0.35022521018981934,
            0.36090683937072754,
            0.3634800910949707,
            0.35674500465393066,
            0.35613393783569336,
            0.3602759838104248,
            0.3655691146850586,
            0.3525807857513428,
            0.3976409435272217,
            0.36130309104919434,
            0.3570988178253174,
            0.35416507720947266,
            0.35994601249694824,
            0.3545868396759033,
            0.3579580783843994,
            0.3586733341217041,
            0.37345290184020996,
            0.8453218936920166,
            0.6299750804901123,
            0.4272599220275879,
            0.37992405891418457,
            0.3781871795654297,
            0.36705517768859863,
            0.3819730281829834,
            1.2509920597076416,
            0.6280219554901123,
            0.36667513847351074,
            0.4041159152984619,
            0.40120482444763184,
            0.46343421936035156,
            0.4147682189941406,
            0.36899304389953613,
            0.3851146697998047,
            0.44445323944091797,
            0.4593219757080078,
            0.668281078338623,
            0.5014121532440186,
            0.42569398880004883,
            0.3662569522857666,
            0.36803579330444336,
            0.3636500835418701,
            0.36261796951293945,
            0.36823081970214844,
            0.36752796173095703,
            0.39800381660461426,
            0.3682382106781006,
            0.3742091655731201,
            0.36110901832580566,
            0.366901159286499,
            0.3520510196685791,
            0.3570261001586914,
            0.38037896156311035,
            0.35884976387023926,
            0.3829479217529297,
            0.351931095123291,
            0.3553950786590576,
            0.36217212677001953,
            0.3614070415496826,
            0.3609137535095215,
            0.36087989807128906,
            0.3551919460296631,
            0.3632650375366211,
            0.38141894340515137,
            0.3619091510772705,
            0.35483789443969727,
            0.35547900199890137,
            0.3659989833831787,
            0.367048978805542,
            0.3578677177429199,
            0.37810683250427246,
            0.35979294776916504,
            0.3586580753326416,
            0.38582515716552734,
            0.4258401393890381,
            0.3901190757751465,
            0.35907411575317383,
            0.3584878444671631,
            0.3569662570953369,
            0.35781216621398926,
            0.3549501895904541,
            0.35868096351623535,
            0.36042284965515137,
            0.3979640007019043,
            0.38140273094177246,
            0.3662128448486328,
            0.35756492614746094,
            0.360260009765625,
            0.35992884635925293,
            0.3599522113800049,
            0.36278414726257324,
            0.36251115798950195,
            0.3858969211578369,
            0.3585939407348633,
            0.37665677070617676,
            0.3614070415496826,
            0.356950044631958,
            0.36930108070373535,
            0.361922025680542,
            0.36223793029785156,
            0.35634303092956543,
            0.4553987979888916,
            0.3617238998413086,
            0.36287522315979004,
            0.36286401748657227,
            0.6396338939666748,
            0.46118688583374023,
            0.37435293197631836,
            0.37496495246887207,
            0.364656925201416,
            0.36376023292541504,
            0.40729308128356934,
            0.3578610420227051,
            0.3689291477203369,
            0.3679080009460449,
            0.36359238624572754,
            0.38496994972229004,
            0.36890387535095215,
            0.36418700218200684,
            0.37213778495788574,
            0.4024198055267334,
            0.3683159351348877,
            0.364804744720459,
            0.3573801517486572,
            0.3618159294128418,
            0.3749082088470459,
            0.37244606018066406,
            0.3669288158416748,
            0.37430405616760254,
            0.4240148067474365,
            0.37027406692504883,
            0.36682987213134766,
            0.360321044921875,
            0.3691749572753906,
            0.36615920066833496,
            0.37790775299072266,
            0.37014293670654297,
            0.3788139820098877,
